{"cameraMode":{"drawMode":0,"name":"Shaded","section":"Shading Mode"},"sceneLighting":true,"audioPlay":false,"sceneViewState":{"m_AlwaysRefresh":false,"showFog":true,"showSkybox":true,"showFlares":true,"showImageEffects":true,"showParticleSystems":true,"showVisualEffectGraphs":true,"m_FxEnabled":true},"in2DMode":false,"pivot":{"x":1.7044756412506104,"y":1.5867561101913453,"z":-7.187470436096191},"rotation":{"x":-0.09875193238258362,"y":0.36383435130119326,"z":-0.038825273513793948,"w":-0.9254052042961121},"size":2.5644521713256838,"orthographic":false}