{"cameraMode":{"drawMode":0,"name":"Shaded","section":"Shading Mode"},"sceneLighting":true,"audioPlay":false,"sceneViewState":{"m_AlwaysRefresh":false,"showFog":true,"showSkybox":true,"showFlares":true,"showImageEffects":true,"showParticleSystems":true,"showVisualEffectGraphs":true,"m_FxEnabled":true},"in2DMode":false,"pivot":{"x":-19.393001556396486,"y":-2.0136144161224367,"z":12.580147743225098},"rotation":{"x":-0.06509293615818024,"y":0.3761237859725952,"z":-0.02642843686044216,"w":-0.9239335656166077},"size":15.079649925231934,"orthographic":false}